Sample_ID,Class,mut_pos,VAF
DEMO_HCC_001,HCC,chr17:7674216,0.125
DEMO_HCC_001,HCC,chr5:1295113,0.041
DEMO_HCC_001,HCC,chr3:41224607,0.021
DEMO_HCC_001,HCC,chr3:41224645,0.011
DEMO_HCC_002,HCC,chr17:7674216,0.138
DEMO_HCC_002,HCC,chr5:1295113,0.037
DEMO_HCC_003,HCC,chr17:7674216,0.111
DEMO_HCC_003,HCC,chr5:1295113,0.046
DEMO_HCC_004,HCC,chr17:7674216,0.149
DEMO_HCC_004,HCC,chr5:1295113,0.052
DEMO_HCC_005,HCC,chr17:7674216,0.132
DEMO_HCC_005,HCC,chr5:1295113,0.039
DEMO_HCC_006,HCC,chr17:7674216,0.118
DEMO_HCC_006,HCC,chr5:1295113,0.044
DEMO_HCC_007,HCC,chr17:7674216,0.143
DEMO_HCC_007,HCC,chr5:1295113,0.048
DEMO_HCC_008,HCC,chr17:7674216,0.127
DEMO_HCC_008,HCC,chr5:1295113,0.035
DEMO_HCC_009,HCC,chr17:7674216,0.136
DEMO_HCC_009,HCC,chr5:1295113,0.050
DEMO_HCC_010,HCC,chr17:7674216,0.121
DEMO_HCC_010,HCC,chr5:1295113,0.043
DEMO_CTRL_001,Control,chr5:1295113,0.021
DEMO_CTRL_002,Control,chr5:1295113,0.024
DEMO_CTRL_003,Control,chr5:1295113,0.018
DEMO_CTRL_004,Control,chr5:1295113,0.026
DEMO_CTRL_005,Control,chr5:1295113,0.022
DEMO_CTRL_006,Control,chr5:1295113,0.019
DEMO_CTRL_007,Control,chr5:1295113,0.025
DEMO_CTRL_008,Control,chr5:1295113,0.020
DEMO_CTRL_009,Control,chr5:1295113,0.023
DEMO_CTRL_010,Control,chr5:1295113,0.017
